VIN,NAME,DOB
48SGQWKGY9KH3AVHQ,Henrieta Byrann,1/12/1986
A94479OH3LM258DIQ,Ulrica Doug,2/16/1987
5951GKU5TABJ777BA,Neila Sibyl,4/10/1992
3BMCYZ9Q29RNSBBYC,Issi Benjy,6/23/1996
W2T9QA0MU7BTH5PN7,Legra Maynard,10/9/1997
8MKWH4R3BGSCSSDDJ,Charis Antin,6/29/1990
1LAL02XIJHFAYIV7E,Stormi Franklyn,8/2/1986
NK5TAUE9R7U47GMCP,Caron Sunny,9/13/1984
LQ7UBDNTAPG7SV36K,Sharline Codie,4/19/1981
OMPO9JD2IYCW31JEI,Ara Meredeth,2/26/1993
HLK0QJFAGMXBVMN2T,TEirtza Dukey,4/16/1983
6MBQSMC1N916FX1A7,Charleen Berton,1/20/1986
824X3AMKEC5YJ1EZM,Caroljean Alfredo,8/15/1984
SH9FLFOUVN0HOCPW9,Dorri Torre,1/13/2001
WN3OR5I30DVGSCWMX,Lorenza Ransell,12/21/1986
DCROCPAWP08WRXL1Z,Rozele Chet,4/22/2000
T6G14RXA54WZJEG5C,Jeniffer Brantley,6/13/1992
EQB9JBFNU4RDQCJTS,Madelina Osmund,12/25/2002
1OWQ98N111Q2IKR6H,Harlene Brander,8/1/1980
7X9YKSYY5P1ZT6ETP,Emylee Terrel,2/4/2002
O0XYZRZSUYNYHQ3EK,Abigail Orville,4/25/1983
XTVNU8N0ZKVEXZW2H,Doti Way,11/3/1997
ORSB852TBZ602ZZ8L,Sydelle Maximilianus,1/31/2002
702WH1VFBKHS0H4NR,Gabi Hamish,8/23/1997
UUCJ5KZWLSJ4V3EKZ,Fawne Barnabas,9/27/1985
TKXIIG9B9EGOG8DWG,Adiana Wilhelm,1/9/1987
QPDKC7064I4FU7IER,Mirabella Laurens,10/18/2009
WVYC7NWNVYPBNK47C,Ysabel Cullin,11/15/1992
FMS6K6O2BI2U6O6VI,Vita Petey,10/23/2001
RL1BZJLA24YEUDUXX,Alfreda Raffarty,5/27/2008
CNBXV4LPNATAT9J48,Fanny Everett,2/27/2001
7L6V0ZXKXKJYH96NP,Stefania Clare,11/23/1990
2THQXN084GS7ECQZK,Cathee Whittaker,8/19/1990
M0V9YTZB3Z9UASHK2,Marta Wood,7/21/1999
36R2HO6S3NZOEGLUR,Conni Patty,7/21/1980
NUTPV01WZOIU5HJYI,Herta Sigfrid,7/4/2007
E0ULYBGRS8X2O8VV7,Jillana Darbee,10/13/1996
VVP4RA298O5446EUE,Xylia Caesar,2/20/1997
7Y843D3QEGT4N6Q8P,Saloma Derwin,2/6/1993
DJKKAUBS5FXM5UDCH,Theodosia Lanie,6/3/1987
ZQC9R21OYA3PO6BGL,Kirstyn Gardie,7/24/1982
X5MMG99LQ6NCXQ8EV,Lesly Eugene,9/8/2005
52RYS7YDKE17OAWZW,Allina Hiram,1/22/2009
A8VJJVOGT2HVK05QC,Crista Papageno,6/21/1995
4NDA3D3YMMX1Y60FX,Caryl Allyn,11/14/2007
Z3LWAF7S35VLWD804,Dorie Kinsley,4/27/1980
4GLN7XS9KM0QM4NT7,Prudy Donal,4/8/1983
8JUZFPP9C0K0FAOMW,Ulrica Willy,10/20/2003
A4PWSPCFM2HSXE8BW,Glori Hercule,5/16/2002
ZZNKF6VNYYB9ETOCH,Millicent Linoel,3/24/1998
IYQZ9KU4EZMMGGBST,Flory Benson,5/6/2006
K9WLC8DHVPEM7I77U,Keelia Barton,12/18/1997
X36E540AZYG07MCWS,Pet Quillan,10/1/1993
6Z62OQQJ4GQKCTLTX,Iolanthe Lucian,7/29/1992
8YIM5FIG8QSQLPE88,Blancha Vaughn,9/5/1983
UAOUEQZN0GIAKIGQD,Mei Tonnie,7/6/2002
V5IBCBZ0ZDNZII7OD,Meris Dorey,8/10/1993
4T0F2IOY071ZESV9G,Lurlene Jackie,8/1/1982
EWI8YZMBBDV0ZDU3M,Gail Jehu,3/13/1983
9LCRWVDPC99IB4M24,Gabi Theodor,5/31/1985
G6L2Q08R9P07SMX1A,Chandra Davidde,10/4/2003
D4SIQLXUXL70GV13V,Thelma Washington,12/23/2001
B2ZHX6SRZUCBE77LT,Hendrika Bert,7/22/1981
DOR55M019323QA0IX,Madelina Briggs,9/14/1988
E9Z5C7ISL9S9BQZYQ,Florie Sholom,11/12/2006
HOHVUG1JXINLXH19Y,Bennie Jozef,5/12/1981
B3X2MN3WKWXHUHIRO,Lorrayne Sandy,12/3/1995
1EQB84O31NQ5J8ZZ9,Suzi Elbert,1/13/1990
BXXTF34G1KXUDOTY3,Astra Berkly,9/30/1993
13Q38617UOU2YO4BU,Marylou Loren,6/19/1981
CQ9QTGDM407L7YKJB,Jacinta Gannie,11/6/1989
R2I2LJ2QURGPDSR6A,Jaimie Dante,10/16/2002
JZ6MCWNRSS5WDSPGY,Maxine Gustavus,9/15/2006
ZIPZ16313TII0ZM4F,Natasha Farly,4/29/1982
TMMQ1UN93SPBGQ73R,Polly Templeton,12/13/1994
3PQP80CF3K0PDTRNM,Rhonda Maximilien,2/5/1988
0HT1269RSN9Z6K3YK,Tova Waite,5/17/1997
S4C9IXGC7VIX01OG9,Rebbecca Padraic,11/23/1989
14PIDSFACN17WIAIO,Elyn Angel,11/15/1998
3LEFVCQR3JUHZ8KUW,Cybill Montague,5/23/2000
PBLJGZHBKR1UT8TUV,Adore Bogart,6/1/1986
O5R5QJVSXIP99PEFR,Pearline Federico,3/30/1987
370MATF5VSBL8VDGE,Sandy Isaak,8/24/2003
FN3IKBJOMY62BKHQY,Pennie Trevar,2/23/2006
GQPJZIN752W3O7VOT,Rosamund Yorker,3/4/1986
NW1I30GJ14G2B2F0E,Cassi Jeffy,6/12/2000
61AXLSUZ2XVW5D6OJ,Ddene Lazaro,10/13/1993
LM3J68DRDYA5FFA2N,Tammie Kristopher,1/11/2004
M0TD4OY1GZARPQU1M,Joelie Jerri,2/19/1993
61TJF7Y7VMR2HXMMJ,Tedda Rufus,12/16/1985
10PVDIK8ZLKBPSADY,Alexia Vern,10/2/2003
0P2LCSZ450XFCMGNO,Blanche Judah,1/12/1981
RUXPJWWYRGNUTJHBH,Genna Mannie,1/4/2002
6TEAKRGNK8KNSDMYL,Fania Kele,9/14/2007
TVER0HMDUCYK2Z481,Kial Ambros,9/29/2007
NLQ07UX5K60PO3KAE,Trixi Wilt,8/23/2005
4V3TL9SIBGPWPCVVK,Salome Berky,6/15/2002
O1MNPBMWXZ6WQAAJW,Bevvy Worth,9/28/1992
BION5HL72PSXKKZKX,Joyce Frederich,11/6/2000
8AOP8PMMA5IGGSKJB,Sarette Farly,1/29/1988
07D8VX6SWPF9D4EE9,Olga Humberto,10/7/2008
GQU426T83FTRS8RUX,Calla Kenny,8/16/1989
1RF45Z85S2XH7E1KA,Manda Bendix,12/3/1985
TOSTFDOAH3QVV6266,Jeniece Bartholomeo,3/4/1990
P144PUDJNEYK212YP,Ebonee Sancho,10/20/2003
O48BUREF0B41GO67D,Jada Fred,7/10/2004
38RK3CN5R3QL3YAG8,Jaymee Dukie,4/25/2002
4R17FCMHXARLP1Y73,Shawna Rodrigo,3/13/1980
8H5GJOHUJX1X0VGOS,Judye Clay,1/8/1997
4HIDI559JPQ9LK1LR,Valencia Tomas,8/15/2003
AHSBCM6U8CRA2OUBW,Christen Bernarr,6/4/1998
B644EFFMMO64NCNQT,Corinna Perice,1/24/2005
5YKX4LVTKSQA6I9ET,Bell Mace,2/11/2007
2SS93ODFXEFBS8D4F,Allissa Clayton,8/12/1987
13P67T5OQE75F52LT,Sarita Hayward,12/6/2001
VTF1ETK84A1YUR5JD,Ellynn Fonzie,2/24/1994
2VRGPEP8PYT5OBFIJ,Frank Lars,9/12/1981
TERQ8H8F1EMZB6LVT,Taffy Myca,8/13/1989
J5A8UZR4L3X2WKNV6,Karol Bevin,3/20/1992
PA5ZJNW0U016X1S8U,Lurlene Merrel,5/26/2002
U7LNM0UKGLJCPNCT9,Rhetta Beniamino,1/31/2002
WEFTFTDRIWCZWT2AE,Erminia Tymon,9/19/1989
Q3HBUSA3ZWAFOXDAN,Coretta Welbie,1/26/1987
KNZGZTH5FWDMEN77S,Evangelina Dewey,10/24/1983
D7KKRS265EIWC8ODF,Netti Von,3/1/1981
YPGMQJFFA6NT7356K,Collete Maximilien,5/22/2005
RRRHZ1R7CCDVVBHZH,Leela Killy,11/29/1991
CWNQI20EWU3J0DA2L,Blinni Huntlee,10/5/1980
OZ1YARBET56U68NCM,Tatiana Gill,4/3/1995
Q70YZUINT1A2X5LNY,Carie Cletis,7/6/1997
0NBUE0W5EL7Q0PT99,Karrah Filmore,7/14/2009
G7ISSS7V1FRDHI4VU,Bertha Donalt,7/10/2000
O2GKGQ24E3HHRWV1X,Christean Lorin,10/21/2000
0VLQ2MPMNB38BHCNO,Debra Alfons,9/20/1990
N49IP6918ZBAHYLO1,Trista Padraig,5/28/1997
T3EAQKM14P80R5PBU,Felice Antonino,2/1/1998
95LWK3H6VGXOWAEYC,Henrieta Perren,9/3/1992
CSXION03M83JUQLQX,Louise Mathias,6/14/1981
DCIP8VLLDWPJ4PH1G,Blondell Wyatan,1/18/2001
BZISUFMC0GBFI6EHQ,Gwenette Levi,6/24/1988
N0VH0WMFRQJYDARKI,Julee Mayne,1/13/1990
1PJR6DSN9J057YZM3,Antonie Kliment,4/17/1989
CGTBOKUDEP2LMPQCP,Gayle Carroll,6/10/1983
V14Q5BJ941I4I6H7K,Grace Vaughan,2/15/1984
KHGQA3GVRM7RKA1CB,Audry Tynan,5/2/1995
TQ0YT05KGCDGTTIOJ,Freida Raffarty,6/12/1987
2JUPGOF492P8R5HDC,Alanah Grover,12/17/2004
WTHRXG7AY9PL1PR6G,Rosanna Clarance,6/20/2007
YPSIQACX8SG9OQDNW,Dominga Kingsley,10/8/1981
CPJK4OZENYRC8LUWI,Karina Alan,7/20/1982
INX0ELJSQU3WNCLBA,Kati Gaven,11/27/2004
YYZ3WZ3ONH9FRZG6E,Lurleen Sibyl,7/30/2008
0HCFHRRO6NOXHYN9G,Gaynor Inglebert,7/22/1981
8QGE5AP9VH5YFBBNP,Wenonah Napoleon,7/9/2007
QI8479Z2950JS8TEU,Paulette Augustine,7/31/2001
NDEKPYVWWL7J9ZRKX,Rhiamon August,5/11/1984
WKL6ROPJIZJTO8T6A,Brear Omero,11/12/1988
2XUYXJ9MXEM0SXGJV,Lianna Elliot,2/10/2005
532KVX36MH96EHCAS,Marget Timothee,6/25/2009
L462JMPYNFSO5UV2R,Frankie Torry,1/5/2003
IDZLU02S6UKF8O6L4,Ulrike Cull,11/3/1987
AYBG0K9GF6IN2TK5C,Christian Thurstan,9/11/1986
224UT1VIQ9HAUFQU6,Shawnee Lydon,11/16/1996
BQR4Q8RPJ1OV4B138,Liana Lazaro,5/14/1996
O9WRSEGYVGTUSDXLS,Elicia Godfry,4/18/2005
LLE2IVT8JBE5H9MMW,Bonnie Chad,7/20/1996
M9Y20OS8Z5FC75Z2S,Asia Cozmo,12/3/2002
J8WNFKJ9PED7GP5EW,Dorelia Ricardo,10/11/1995
8OBKAGLOFB5A0FJ4H,Gussy Rafaellle,11/23/1997
CG4Y33HC2L4ONJVY1,Gerti Michele,5/7/2008
2FROXK6KPPU7HK21H,Roxi Stan,7/30/2005
FQHCZ5JAO9ANWJ3IV,Carlene Menard,9/28/1986
43JELKSF5G2AU8ESM,Ingeborg Pattie,11/9/2005
SSCFDM5AKBC3JLHOF,Holly Sidney,8/27/2003
A5384QK3AQS5WFL07,Hilda Gunther,10/27/2004
RYYHNNLHZZ8GM7G52,Yvette Pat,12/1/2002
X8P5J3Q3EAX5IHXJ1,Krystyna Nefen,4/14/1980
8B9G059B4H20FVXCZ,Clerissa Inigo,10/18/1999
BTWBFPBCEV1W8A24N,Karlyn Constantin,8/31/1987
6AM2T5P5TTX4NI7J0,Florrie Price,1/10/2006
56WLH47NKWCT3W385,Sibella Tobiah,5/8/2007
N418275F3PECD9AUY,Corabella Milo,5/1/2009
KLOGCLFP9ETX1DSJL,Brana Barnaby,8/17/2003
VIJTXJXMDR2OWP03C,Emmalynne Clerc,2/28/1989
VYBHLL9MYL5PRUOPM,Gay Thayne,12/30/2007
O1NLA66O6E74OYDCB,Wilie Granny,10/3/1984
LLPUD90Y40SPOTS92,Cyndia Kinsley,6/6/2007
PH4UT5QR0J60EJ38P,Saree Manolo,1/15/2004
ET84HA4LX22W0DJN1,Zilvia Ignaz,6/13/2002
4CPFVAJW6KL1U1TUK,Mirabelle Kilian,12/27/2000
LYSJWK3UXVZ8QSN4E,La Verne Frederick,8/8/1997
VCQBUT3BCQ8HGP2JI,Sybyl Auberon,2/16/1999
TXJ02FUQPUPKICDIE,Hillary Peyton,3/8/1981
J9GV1N2WZ365KZFD4,Vanda Bayard,10/24/2005
JMIPCYZP8Q7XAPDYV,Arlette Hazel,6/16/1998
ODGZX2FJS1FJV8MJO,Carmelle Fletch,3/26/1985
I2E49QZQEFC0P8AX0,Myrah Rabbi,9/11/1985
JR3FX5WHJY9ZZKF5B,Corrianne Fairfax,2/9/1981
01JGUCFZNXYCCJHQH,Caryn Lane,6/23/1986
WTBMHOIQHIRP88FEJ,Estrella Hervey,6/2/2007
YXB93JVDM2NTQ1S4U,Eddi Barde,8/16/1994
QPLGO06V98ACTHWAC,Cicely Salim,7/8/2006
H1639I9SJX31S5RSH,Bobbe Anderson,10/29/1981
NC5DIX7QTO2KF10XI,Robena Reinaldo,9/22/1999
8HVLR0GGQKLBVNSFU,Catarina Addie,11/27/2002
OGO6X2KGSMFOLS45V,Silvia Cooper,8/18/1991
WL0SB4O7AK4BFQS82,Elita Paolo,5/2/1998
44C0WBMXEXBY2XM79,Junie Fergus,7/20/2005
SYYUKOJK3WDBG68R9,Kariotta Sergio,6/2/1995
TAV0WQWXF6EWJJWHY,Andria Sauveur,5/11/2005
HLXSNJSRGTCKDI24J,Brooks Adolf,12/26/2006
2D77WRZ873YA4QGI3,Aurora Mack,3/6/1995
LSGZP17L444VU9KOG,Rivalee Monte,2/14/1982
HRCYGBSEBZ1K2XOEX,Ingeborg Caesar,5/11/1997
A404TU0GX2BT5L88N,Angele Sebastian,2/13/1991
GCO1IEM7CVN29YC1F,Taryn Al,7/6/1987
PJQSG7O05UKDRHD4R,Tallia Antony,10/30/1992
9PD2GF4IN4G1L6RSA,Brit Bryanty,1/18/1989
LHLRSJ4KCBK9UDFXQ,Tommy Byrom,5/18/2002
ZB5LXKVMK5I5TAVMH,Otha Nowell,10/7/2003
3U90TTI35G4FS2DTZ,Marsha Saunders,3/17/1993
QS0I0NHZDQZ5WL7HP,Kylynn Joshia,1/27/1996
EWXE0N4WRU8LGRWAA,Adriana Merrill,3/21/1980
7BEDU10VK04X33KQS,Stormi Jude,1/4/2007
Q06UQGM8BES7K2LS5,Halie Jamil,11/30/1993
2B5H0ZDU9R7XOV7GF,Yoshi Duke,9/20/1980
L8LLYU75C2Z5XVV1E,Wandie Dominic,5/24/1996
XVJ7ATQF8KDK3C6FT,Faye Vasilis,10/7/2005
2VG7745DZHAP1DH4H,Tina Erin,5/20/2001
LGQ4QWKJ9QTFNRJKK,Cordy Klaus,8/24/2006
FP2UKA2VDX8M9M0WB,Tiffy Shalom,5/22/1992
SSMBIOLFB3SNESHC6,Leoline Devin,1/10/2000
ONLRIUFFI3LZ3PEJ2,Anna Arron,8/10/1982
TUJCJ44QHG50YCSLU,Patti Kane,12/3/1996
QUBQ03YRIW6RPRII1,Rebekah Mervin,10/29/1981
21TNYAXNLT6RW7YSQ,Marchelle Angie,5/20/1991
86LIW63AOPIPY2LUL,Joleen Sasha,8/21/1984
51RGMQ4LB32ZCNLPQ,Jobi Mayer,6/18/1980
020BNP9KFTYN6KRDD,Kati Chancey,10/26/1986
7EB99FJ4D1ASGJZLK,Gizela Kain,5/13/1995
Z6NNZHS7Z7VHQJF13,Amelita Paten,5/4/1981
87773LCQY3DT28PJL,Oona Adams,4/9/1980
87W0AK0867YFP1QW8,Lavinie Casar,6/21/1993
M1B09CPRM5E1LGOYQ,Cornela Ham,10/17/1986
KOSH38POVQED7QN09,Zuzana Kylie,1/21/1983
6K9TLOK6PT70JOMOK,Fayina Ryley,4/27/1989
D7Y4OLFEBHIR3QEKX,Nerti Say,1/17/2008
R60ICT0TI5NS7RNZA,Almeria Mendie,2/16/2003
LMV7QQ9ZUY1CL4BR4,Caritta Brand,3/17/2009
AQI6V9XAYWNLM2WIQ,Hatty Mattheus,6/8/1989
1O9LM4L6JNB2K8DOC,Saidee Gregoor,12/7/1999
WO04UJKJF7C9P9JI8,Faye Bendick,11/15/1993
6VBTPT15Z5EOGSD7G,Jocelyne Ricardo,4/7/1987
FCQG1XK6531U4VU8G,Madalyn Taite,1/21/2001
T8N082M03ILG71KVE,Oriana Jamesy,8/14/1997
4GFAAUB4E0M73N5RW,Jane Tabbie,10/27/2001
HK7R8G357OJ6IQLWI,Esmeralda Dud,6/10/2008
0HPCMA6QW1WGH4Q93,Johnna Jasper,2/18/1985
PRM76RH3IILNB1KN9,Tiffi Gaile,12/20/1995
O952PFSLYAKB4WUY7,Annalee Ernest,1/3/2006
A6LIOIQRP65J14RF0,Andreana Dun,12/5/1992
V6UF4H5PSKOPE66DA,Zia Xymenes,7/22/1992
CQZFEF5L0JM7BUDBP,Kikelia Maximo,1/13/1984
0V3FHC8LWCKU6I070,Bernadette Thaddeus,12/3/2003
654YQLE7KQY68M0V5,Johnna Padgett,4/28/2001
OSFQ444IIENPV6D5R,Patricia Mandel,11/1/2000
G475VT8OJ85MRIBPY,Gwenore Jehu,5/26/1992
50HZ5JSJ4O6Q9SKO9,Adiana Ferdie,9/29/1981
5S23VS1SV0B2CZ7CD,Kandace Hal,9/14/2001
WSJONGEYH33CSYWEM,Audre Elwyn,11/13/1992
C5810SOFA45H1DDSL,Hestia Sydney,12/9/2006
5K2RVWOLDRORW9370,Hortensia Artemis,3/13/1990
839JHMFDMTERCPZ6T,Fidela Moishe,12/30/1981
NITNMSWP1U4JIW38H,Malinda Willie,12/5/1990
1927UYBWNERJFW6M7,Chelsie Calvin,12/19/1988
BGMAW15AVXM2ZRW11,Ailis Clementius,2/25/1986
UZQA1613EMQBG9QG7,Diannne Seumas,4/26/1984
X6BCSSTMBEBGQG97I,Ammamaria Niki,1/14/1995
8IMRSP452JTW1U3CN,Leisha Stern,1/12/1988
D83QJ8238PCF551DD,Arabella Gardie,6/17/1995
K7X0J9S4Q39Z9PKCV,Felicia Ermin,11/28/1981
S337YIQV92ZCNAF1P,Brietta Jimmie,9/5/1993
XYVLI1F5XDV7CSBWX,Birgitta Waverley,2/24/1993
QQLR9NSF4168ONZ20,Jewel Gauthier,11/5/1986
ILV7AQOCUAJH8LS2C,Joyan Rodney,8/6/1985
AQ7I9T8Z9J8EMUVTS,Gweneth Freeland,2/6/1997
53JST4N6J4CMBCW07,Trixi Brendan,8/8/1990
SQCO7J43BBITFDKLH,Gizela Sayer,12/31/1999
LFWSLVBVA2CEDVTJF,Cecilla Franklyn,9/19/1984
6R0EV8X22EVOGQ4GL,Gilemette Dene,6/9/2008
BA9YYBAAI2H4KVZ9K,Guillema Llewellyn,1/7/1981
CJ6F60LRD278ALGOD,Kathryne Toby,3/5/1987
WSXVUIJSGEMQM3OKW,Julianna Shelton,6/24/2006
38RHPLY4XB43DYWVD,Marnia Court,6/15/1994
3ZHKS67R54MEB6PCN,Laurice Lesley,5/31/1986
V3507OXBP1EIOFICN,Cynthie Tobias,4/18/1984
YDVX3PYDYVLKRX7QF,Nikoletta Georg,6/9/1983
5Y76FX0K9XUMSJU5X,Louisa Russell,10/16/1993
OK8Y7SL8KBJTNFYR5,Lenora Thor,10/29/1991
S2X9UBHDN0UL5XK2I,Hermine Gradey,12/13/2001
J2CAS5OJR511GMD85,Demetra Keene,10/21/1999
XVLFQOAM1VC6L9W8V,Joyan Sebastiano,5/12/1991
WKZ8U99L6VJAQIGR3,Riva Danny,10/3/2005
59CY5I6VQUN9LJZTZ,Annette Zedekiah,6/26/1989
FW9LFS1OBNW06340A,Uta Wallie,6/26/1999
04FAS826LJW3PJNYZ,Cynthia Dario,7/23/1981
VLVFI8SQIH15PEGO2,Emili Jephthah,11/21/2000
CGPHL25Q1ANW4H0E9,Aleece Rick,6/14/1986
HR0VNCXJPKNIH2AER,Danell Rex,3/17/1985
FH9QTC3Q1LKTOLRY6,Tybie Waylen,4/5/1989
PBFW4GUXVF5VPMWWK,Verna Hussein,9/21/2000
L2JA03U40XCK89D7J,Britni Patricio,3/24/2003
ZXPQLXOL0ZE8W7VL5,Dania Harald,2/18/1993
6TJO799O7M6PC4JU9,Magdaia Garvin,7/23/2006
GER1ASPBH83X80HZN,Maris Ruby,8/14/2005
6Q2UVCEG07WQFJBEK,Brittaney Martino,8/12/2008
9ZDKEBOGZYPM3SNTA,Malorie Ethe,3/12/1983
8NDYM0T5WQXG98ENP,Dorrie Alejoa,4/22/1981
DW36EHUUODLA9JA4O,Karrie Abbe,9/21/1999
I64YAWFLP4AVIF2LW,Myrtia Lenci,10/29/1985
AB0PD8EF8U7J21P1R,Marleah Devland,5/17/2001
KH8KIB7J1H9Y0IPDA,Stepha Gerardo,3/21/1997
6ZOR02ZBROBF65UJC,Terza Toiboid,10/4/2001
NZD50I7N2SMAD7YQ4,Silva Geoffrey,12/7/1983
VKETTGA4NI7QQL5TC,Merrie Artus,4/14/1989
WMVYP48HUVXP2VDU1,Evanne Leeland,8/24/1992
S7VJGDL70KI5LA1Z2,Robinette Sanson,2/14/2004
LMUXTX57CN28QFEJS,Dulcea Yehudit,9/27/2000
0ECVHLV8M56FAQRDI,Glennis Hiram,12/24/1991
7XZU8AT4OI1GKVS6N,Elysha Sheff,6/17/2007
PJ8G14Y7252XP1HFD,Olivette Yvon,3/25/2009
8RSDER7ANM8XO6CRK,Birdie Gunar,7/25/1991
BVZIR7YNPCGG08ZWS,Andeee Boonie,4/20/2004
O42S9HS4SIU4159LE,Jessalin Shayne,4/17/1987
P98ELOLFRFHD3QWV8,Terrijo Ezequiel,5/10/1998
5KW8FDD2XMMRV8WNW,Dorelle Nap,6/11/1997
AVSJ4APUAVP34VVG5,Cecelia Lorin,8/3/1989
ZM9FK9Y58ANDVUBBU,Deloria Elton,4/21/2008
XXODLI3DY05FKBHI5,Koo Salmon,8/16/2007
M6HSWNDWT8R8DJPLC,Blake Sergent,8/11/2009
3XU3QK2YD740CWUMG,Martie Morie,9/29/1998
2EMW3RJPQTHT9FW4B,Frank Nappy,6/26/2003
F0CTQ2PCFG4SSBXBK,Allix Dall,4/9/1993
Y6NH72LYWTBL53PD3,Jo Ann Tremain,3/4/1982
0D1MM1JO9SFNE4L7L,Stace Waldemar,8/8/1997
HY5VWZT0WS4G6UH4K,Jobey Darrin,2/7/1995
4ST4LDMHM1HUG3WCB,Nara Lenard,7/24/2003
FZZDUC8QPHBAOD3Z6,Goldia Zed,9/28/2006
I693X2ODCIIN8U7G3,Yasmin Rey,8/28/1991
TR9RGXQYJSXTR4EZL,Adrea Bing,2/4/1993
I17EWXNI3S3YRX5Y0,Sibby Sal,12/20/1980
P3QQ6TSQ91N6E6ZL5,Kaleena Barton,12/28/1983
GN78F7VZ9XCU2PQOM,Judie Torrance,12/16/2000
P1YI4M1GZBNJTG3NL,Maddalena Adolph,8/17/2000
WOBDNWFICKUBHYFK9,Adi Stacy,5/18/2003
GD2FACO5W7OB2MDN2,Allene Kenton,8/25/1992
2PPM2VE38LKSMXNXD,Jonis Hercules,4/2/1990
NV2PB75KCA9YXE9NU,Gina Man,11/29/2004
IYZSNZSO0F8YEO3LI,Aubrey Bancroft,2/16/2001
H4HLYY47HPUQ357FV,Laetitia Billy,5/15/1993
4Z8QSW9CFMOI9QJRF,Tobe Bryon,3/14/2000
4X4M5WUMR0B2AW2BI,Ulrika Egon,9/21/1990
D66NIKXDQL1N5LPD1,Albina Damien,1/3/2007
NEVJ21UXX11A9E7AW,Fredericka Ambrose,6/21/2007
E31LDO1KXRPOMRK53,Clarette Egor,1/12/1982
H7WCNMALN9Z03M3ZD,Maura Mortimer,12/24/1985
Q7146PM5OWD5KVJ1D,Tessi Mattie,6/3/1990
865WVVIQ9HMBN34VS,Dori Beck,6/2/1984
7JEAS0C1IC1LJZ7B0,Kay Reidar,1/16/1980
QDYA8AQWMK9EVBFFW,Christalle Roddie,7/27/2003
A07ZYI99TILL7FBNB,Sybil Ivan,8/28/1998
KCKIODLS99I0I49CO,Kipp Bendix,2/10/2008
K0VML6GJ2BK3ZJK6H,Georgianne Alistair,11/28/1995
NTPYU9PC2O5MZ0FXY,Dorette Birch,2/15/1987
LOHW9B5B9QE1V57KU,Frederique Barri,6/26/1996
4RRO8V22WD9J0H36Z,Paula Kearney,12/26/1991
18KCWI2T4TXL30380,Charline Rad,7/13/1998
O9YZC9HPB7FYI3PL2,Heddie Paquito,1/15/2006
XS1KKCQLUTOPPA644,Orsola Cobbie,10/8/1987
NYA48ZPQFOPPAC7OW,Marne Brad,11/20/2006
NDUI28G67EJMBN6D2,Adaline Laughton,8/16/1982
OWJU6BITEG74FM5LK,Licha Donavon,8/29/1991
N84EWDIPM63Y7U4EZ,Diana Burl,8/7/2004
03S4IPYH2NL4P52MS,Nanette Ric,6/28/2006
WDUVARX3VOV6GPU0G,Henriette Garvy,7/3/1999
PJQAWGJM7VADJ9ACN,Othelia Hebert,11/23/1998
RY4J21I8U5UIRPD2B,Brena Roderigo,3/28/1997
OK3MAGV6EDD69ZHMK,Kiri Rodrick,6/25/2009
C3DMX7DHLFI12YRWZ,Thea Christian,10/30/1989
OTKFQLLYQ6OFFMHD9,Chelsea Hinze,9/17/1990
0AT1GDY4747EB7FQD,Celia Sergent,11/6/1988
86E2HPJLL0LMX0H07,Winny Rollie,6/25/2006
X1HOVNUPFQQURNJAG,Melodee Friedrich,8/9/1990
G9EDYTG2T5XJYKNPU,Andria Arv,11/3/1980
E4WJ1IB7LNI2QWIEJ,Madalyn Brendan,1/10/1981
59BV96Y998QA3QYVR,Zaria Arnold,10/18/1997
O7SQPOASHX6459RGZ,Suzie Batholomew,9/11/1997
4RD0RWVXYJK4WG69C,Ajay Barny,11/15/1980
EIVOMQN9ZHBHPM3V6,Fayth Wendel,11/15/2004
F1K7EPUETGY2INEZ1,Shawna Mort,10/2/1982
QVQBXC14KZWI6GP5G,Annabella Micheil,9/27/1990
H0SIO07VB7L2SS5MM,Aurilia Clayborn,7/29/2000
AN6AJYWW5ZXCVSNP4,Bonnee Hayward,12/2/1981
F9VTYNBI44M60WA5S,Nelly Rickey,7/8/1996
KC7YLGYYK9GV37FYT,Andy Renato,6/3/1998
HEUQY27NRQ2W2D1UC,Ynez Augusto,11/18/1981
UN8TC43DNP01V6ZEH,Goldia Burnaby,4/16/2005
7T6UQR42AJ2LYCKCH,Cristy Darnell,1/10/2000
KLD3G4O0ZFMOVP1RT,Francyne Chadd,10/24/2002
G13FJGETM4ME5BW12,Tildy Colet,9/13/2008
HJ70PGAI63LJFX1SR,Amelita Perceval,3/22/1983
9K4ETKMR6PX0RMZFW,Chelsey Reed,2/16/2000
9AOSW7VX1G5NYK5OB,Cally Frederich,6/10/1997
7XEYJC81LTTV7WEBG,Zitella Gay,12/10/1981
D7P8YFQUARYJNV0HT,Ted Onfroi,12/5/1998
M7TAMO9RQ10AG2O6G,Harli Brantley,6/20/1994
SC2C8H9X0TJSERPYX,Ladonna Gib,11/6/1990
RCG03CYEELZ0NMH6L,Myrtle Teador,7/4/1987
DLWFACAJKQ4AG2G6C,Gay Hayward,3/15/1998
IFY17ZSLFJMTDTKP1,Delora Ronny,7/17/1987
PUP7G6TZGPZ2882UX,Corri Perren,1/13/2004
MGG76LKY3GU6F4M9O,Lucia Shelton,11/21/2008
RNF1F9T70K11M27PB,Sidonia Hendrick,8/19/2008
0G7NDE0LXLPZFH8R0,Margarete Fonsie,8/19/2000
UVQ2UIFNO7OMKALWM,Daryn Aluin,9/10/2003
87BSC0B6IRE2Q4S2T,Shaylah Felipe,8/7/1998
N9RHG1VPNEWN3H6XM,Trudie Skell,10/25/2000
9SN4QNXVPZTFISM2H,Trish Orin,3/3/1991
CS1JRFFVH4HIQ8U8Z,Raychel Durante,9/23/1995
YX6ZBNGGC9NVRNA0E,Clara West,6/30/2006
NC5WSIB2WDETICWCV,Ginny Lazaro,8/7/2008
RUYK0010FZCS3N02X,Nevsa Alvan,12/2/2004
T4XCKV6TMGW644S68,Linea Francklin,4/12/1986
DFJL0N3HMJAYLBNQ0,Rene Paulie,8/18/2006
B0YEADSJPMMSXE1J7,Eleonore Phillip,10/26/1983
0B70SCIKNKHJFJC6Y,Deana Janos,2/1/1990
XBND6FC96HCTCZJDX,Marinna Mitchel,11/21/2008
SBQBM1W5PAVEO7BOB,Dayna Harmon,3/16/2001
8J2TCNCQIK6T1UFRG,Fae Romeo,10/10/1994
22HIVVLL5MR92FFJO,Carmelle Wallache,11/6/2009
HUCWSSUTPAZUHLPQT,Ilse Jareb,5/21/2004
7KAY6AHS2EK2O7IEU,Barbey Jaymie,4/15/2004
MLFQ7KBTSRGV5HC6K,Darrelle Cyrill,7/24/2005
CAOUM0XK2O5UDCIS0,Thelma Tobias,6/13/1982
JC1HL9MOXHSOTO3HR,Kameko Lancelot,5/18/1992
IC0F0QKTMFW7E5SA4,Anetta Ethelbert,1/8/1991
3LSYATDI40EK2IZNJ,Starlin Emelen,3/3/1982
9MZ0CBUG1MHVMTYE7,Elbertina Penny,9/12/1991
Q76N5JXMW332VB7RU,Lexie Julius,2/7/1999
RIBO973YYC7JSXKDO,Rasla Barbabas,2/27/1986
VZNEIUEUEIV8TKU72,Alikee Herrick,3/31/2009
FYRUVO8X82TXZH4LZ,Willetta Hill,1/9/2003
TF3P5SP2AOBU0M2KY,Lucila Vern,2/10/1981
4S44X1S42RJF9ZAQ6,Chere Shaw,8/30/1988
OUJHJWGHJ3Y82Y5TV,Merrill Karlan,3/27/2006
IPUIAEVOF1LYD6CA6,Elle Arnold,4/17/1999
QL60D1HEKHPNB6MNF,Vita Cleve,5/7/1986
XGRUMJLPZXLP95GYG,Lyndel Euell,11/3/1997
YQ45UX7BPQDLHNBUM,Caty Owen,2/1/1997
HKCON412KQ9NIMJBH,Cassie Sidney,4/10/1999
4UNG35I7LQHOPXYXL,Norah Matias,6/24/1988
LVLR1WYWA2SE0HGP0,Nicholle Fidole,7/22/1984
PSKZMQSZD6NNY495Y,Cristina Berne,6/25/1980
KK4YI39UMRRP6RMNZ,Jelene Saxon,5/11/1997
MU4L0H1SO7PS095PU,Pavia Zane,2/17/1986
8E49QDAXSMT3V5RSQ,Tildy Mill,9/27/2005
AMUI4SG4EK8NB7GNU,Hedy Gerardo,3/17/2006
3INO2REHMVJ09XRFG,Kyle Daren,1/17/1994
OLMBKG3OHB8GXOT30,Delly Buck,5/1/1991
4GNOZ6REUAF8VGOMC,Daisey Philip,7/21/2003
QN41K2IQP1GMXVTL5,Dina Rutger,12/3/1984
CDCEP2JL6TQM6DNHN,Kalli Josh,5/31/1990
US81887SKIUOFE8C0,Rubia Terrill,4/6/1992
T51FK5CX0075NMY87,Katine Launce,5/1/1996
7MDD85XLL4EXU4DRY,Katalin Jamesy,3/9/1998
AZG5SNUIJDOS91VUL,Florri Humberto,12/7/2003
KECAYTQSBH1E11NPD,Joye Aguistin,12/14/2003
O45FHFCPVJVKEWMDS,Eula Che,12/18/2009
T5ZLNZMZY7LG5WUJL,Dari Dana,6/28/2000
1MVOUPZDK1RHJ050G,Patience Gottfried,9/23/2009
F90WCFB4Y7MSH8GM1,Esta Roman,10/6/1990
6N7ENMO2WQ46BW0YW,Valera Christiano,3/29/1994
AVE6FXJCT9WDZUDXZ,Alanah Hubey,6/22/2002
UEOKHM5M8UA9I3L8H,Martie Tad,10/4/1980
M4KXQCFN105AWX2GD,Tammi Noam,5/10/1990
4YIFQGJQZTK4CM6CH,Moreen Eziechiele,12/28/1992
5ZRJB1R1RXJYKGR7Z,Ondrea Sampson,1/3/2007
X8BKVZ8RT93DRX5WQ,Kellina Kyle,5/5/2003
GT1PPUAAYS25ZFXWF,Lexie Baudoin,7/25/1991
G5I4PQGU4BBOQ79SM,Gelya Wayne,12/14/1984
4X8H2V2NIOY49YD17,Laurene Gabby,1/24/1987
G5Y3P0UU303AKWEVX,Sandie Uriel,6/18/1982
G2ADR4RLZIRTUE1HX,Chanda Kristoforo,1/12/1990
FUOLCHESHYE2QEAN6,Goldi Brennan,2/4/2003
6YUDJ5E8OXQOOL7HC,Orsola Omero,4/28/1982
4TOJJQ8A99ENPJ46E,Marlyn Keen,9/10/1986
JB0UTVVN0GLY1OONH,Anna-Diane Clarence,6/9/1993
DUDC1902QCBR3KK3A,Arabele Pepillo,1/5/1980
XJNKKJU24CTCJIR5I,Jocelyn Slade,8/19/1988
UR9DHXTY1A0MCC2FD,Roze Clive,2/1/1992
NQ24XMUW4WZXF4MJC,Leonie Hilly,12/14/2006
B2V97U1LU4QU86EEF,Adrian Winston,6/29/1986
TYD7V8ICFHKJ2NM66,Darrelle Terence,4/25/1994
UIGEUCRA9CDC67UTB,Arlinda Simeon,11/24/1989
HHEHXVS6WF278Q0YJ,Jo-Anne Demetri,1/31/1984
Z8Q4EV0JFFKM5SR85,Kikelia Morse,6/16/1986
7QRBWJ8HKMAI1TOG7,Anne-Marie Tanny,2/22/1982
3DREOUADCZZKBS0UG,Datha Roderick,8/22/1989
GLBX7Z6Q4EFZZC99J,Klara Reggie,4/30/1995
B9IV11DNPW4RVU1PH,Jacky Booth,11/19/2001
79EL46FQ37G4W95R9,Amelie Nathaniel,1/11/2004
3SGS7I4EF3CMZ5H5A,Ariel Currie,7/5/1993
17ETTIPB51AS8YU15,Idette Ogdan,2/2/1997
7JT3REUETL8IREKYQ,April Claudius,6/1/2005
8797TQ2T3MNEW6MCH,Selie Fred,9/2/1986
N8C9XIBNT7CB2PWLZ,Jaime Nevile,6/6/1997
I9ZY7FZ7T4OHMH7J3,Ann-Marie Ferdie,11/9/1985
I67N3D8AO50DS4WH7,Felicdad Jesus,9/6/1998
OEKO65OVBF96ZV10Z,Kore Alden,5/18/2005
L7PFAOJMZ6W22E65K,Jean Tyrone,10/27/2008
3JYYVGWMJXSOHVF8X,Riki Bradford,6/23/1996
6L343YGLUOYZD065F,Arlana Barnie,2/5/1997
SI0JB5REHCARGQPO8,Caritta Matias,2/7/2001
B6UULNR19VX2N47JI,Mareah Klement,1/28/2008
OG3LQ7J0W4IGUWYS5,Elnora Keefe,5/13/1990
YCND4KJWU2D6VFBY8,Linnell Clement,2/9/1998
T9S8E19VAMSMEZSG7,Romola Culver,9/24/1985
R10XW6FGKXIYGH6EO,Michal Ray,12/15/2004
K8FE9JVOL49TS2SNX,Faydra Keefer,1/30/1996
2HHR0GGY8N2Z32HQS,Fiann Aldo,9/3/2004
LPJX38F69IVPYQNLP,Megen Benji,9/19/1984
11CHDWRWBB87RGGC9,Lita Jonas,9/6/1980
18GWH0MK1AY4U7XH5,Tomasina Blayne,3/12/1986
0OVXP4WTGY4FMFRLW,Krissy Lyell,7/9/1993
1RMSDCS5W7U3Y56DN,Danyelle Maximilian,1/12/1985
3DM1LAAOFYV9R5P3C,Judie Tuckie,6/18/1996
J4RT1LTOW7WV5OGL9,Devonne Byran,1/30/2004
I254D6EJZL0GRHLSD,Tate Fergus,9/27/1990
A6JK3NPDCGXND9C9R,Vin Val,10/19/2004
6PHF9QB028XVQSZQR,Mindy Marchall,10/26/1997
ID6BNQMKRXE8UZB1T,Nelia Paul,1/4/2005
8UUXDIWXR86WSQOQA,Terza Barnett,12/24/1997
QAA7HEESFJMHUUHQ8,Paulie Gaile,9/18/1989
0P6J64JKUJIALPLHD,Felice Walsh,3/4/1988
ZO9VH1G7UF072B8FU,Katlin Samuele,10/11/1980
PNFG51SJ3YYXEQI3N,Marji Maurizio,3/27/1989
8ZP7FO4G7N5W9QGSI,Carolynn Brendon,3/15/1991
P8P87RFK4O09PHH1C,Sheela Quinlan,7/22/1989
JZRTRK59EONEUVRXK,Angele Crawford,11/15/1983
Q8QXV3WUH2O3TQXYR,Jacenta Hernando,2/20/2002
T3XF7BLZABOIVKLT3,Mireille Bank,11/12/1988
0SFOCC8ROCV2ATK5Z,Moreen Frasquito,8/5/2006
D5PCD0L11I1KRLJ8F,Lorilee Rustie,11/14/2008
UCP1RBQVHMPMQUGP4,Cynthy Ryon,5/13/1982
V7R5TPTZJPRFSQWAQ,Robinett Haley,11/10/2006
00TO17WZGEKW18NPG,Torrie Evelyn,4/11/1999
8B8TLHF82EWO7OSOD,Bekki Hanan,1/16/1983
0D51ZHC3FV99IO2KM,Karleen Cosmo,1/30/1991
VK6VFAFVJ1M526MEK,Gloria Zackariah,3/5/1981
R364ARIMJN3W21VC2,Claude Grant,1/23/1984
DXBK5L4U23KBAK8LI,Phaedra Woody,8/6/2005
OFMM0HWBNOA3E2ZYS,Jorrie Cly,12/22/1981
CGV90D2UFMMX1124M,Joey Cully,1/10/1995
A7ZX5R3L8S21YA1CF,Roanna Lucias,7/11/2007
U17EWX3C7S91L4P8E,Eula Jedd,3/26/1992
IQ5EZAFT2UMKAEM16,Saree Burnard,12/26/1993
4KH4PRQYOCKPUKYTU,Marysa Ricoriki,11/26/1998
CKMI5C8DVCMK9BLCU,Carolyne Jethro,8/26/2008
MD859Y8HNMGGV5W3H,Saloma Vidovic,6/12/1983
UTYSD07U82D28MSIQ,Ferdinanda Morgun,5/19/1992
E6EUN4OQV0ID7HJ0H,Jeniffer Marcelo,3/8/2006
LRC14HALP0WDRGW9G,Modestine Nicola,6/10/2001
BSA2LN3YOF0XWJDTH,Melinda Wynn,5/11/1995
MI966BECOMRES416R,Heloise Fons,8/12/2001
NM6YJRI2F0PWWGOOI,Ramonda Shelby,7/16/2001
3QCTFVN26CCU9WACZ,Chiarra Lennard,4/21/2002
78QKBH5LEPFM714AF,Violette Miltie,6/24/1993
ZS8I04KV79MW7VVFH,Tabbie Marc,9/22/2006
PGWV4HDHJQQJJEOS9,Prudence Bennett,8/26/2009
NQX0L20ZI6TAL6I5N,Haily Rollins,11/29/1993
LS7DFV5US3TD1AA6L,Marlyn Egon,1/11/1982
G4RTAG0B1N7FC1RPV,Rita Inglebert,1/17/1982
MZ3NHSXP0JVDHOU7F,Madeleine Edmund,10/16/1987
D5O8JMBTNM0R26U38,Caresa Kipper,5/31/1994
ROG7FTLRPE4CFUBCJ,Laurie Ogdan,1/14/2008
5T10UIZFMOB4X5DLR,Claudelle Axel,7/10/1992
E5LJR9LQ2NLYOUJS4,Jacquenetta Duffy,12/19/2005
08ETNFJXK8QLUB996,Phyllys Scottie,11/8/2000
8I0NUPH1Y2TQZO7VU,Corabel Demetris,11/6/1996
J5860CTRPOMXN72ZP,Ruperta Aguistin,7/5/1983
3U47M9A16DN7UM723,Adrea Jard,7/23/1998
JVZ02VJZHLVPIC0M2,Mireielle Phillipe,8/12/2006
ZVX20W6F4J7BRLSPY,Randie Lorenzo,4/12/2000
I8HZZC8VCX10HFD8C,Gerda Frazer,6/21/1985
M0W0YBDDZEQK2GG87,Kimmie Duky,5/17/2001
FAV6AVQP6YX2958NP,Joby Jasper,1/18/1984
4ZWLGDNJ1PQ6LHSOK,Gabbi Mitchel,8/24/2008
YNZNZ7WO3497V1GYD,Wilhelmina Jorge,3/8/1988
H4R9D84KTSYFCAN9R,Teressa Boyd,6/29/1994
Z03122PLU50CX3W9C,Violante Frans,2/11/1989
LTUMOS436VWDFYCOZ,Clara Vincent,6/17/1986
U2TCJG36WUIDA2DIE,Kala Cary,1/21/2000
IXYELBTXWTCC7ORWL,Ediva Rene,10/19/1989
Y1OAYY6B7ILVU18D8,Kerry Franzen,6/16/2000
8QRT8XIHP86W8YMMU,Britte Baillie,10/14/2000
5MKN14XQRMCWWMKB3,Tami Alain,4/30/2007
CG0YQDX57QE2SCVH6,Vin Tybalt,10/30/1989
0UT2D9UBD1T5IMTGC,Ertha Gearalt,11/21/1997
S07TKVGP9IKO15BC5,Siobhan Titus,9/30/2007
VAYY3MHMQUF4B9HS4,Isabelita Trever,7/16/1995
DY43YLWDH8SQ26161,Noelyn Teddy,9/19/1983
6JNBCMYY4PKEQCBBU,Evangeline Charlton,3/10/1995
383JR24C22NJW32SR,Nonna Ole,9/25/1985
X3HH9W8HNNUVEWZRD,Fey Dalli,11/3/1997
IZRL6TQ2PCRZG75KP,Celestia Eugene,2/29/1984
WQL57SKXEKMRDHAWF,Maris Ripley,4/21/1993
MU16W5O7I38XDDAQL,Illa Dun,10/27/1985
BPBHEDGQDYABHOPPG,Donni Lionello,9/27/1985
AXW18CCEMPGDK0ZK7,Jonis Glenn,11/7/1987
X891JH6G9OXARLEIW,Austina Mill,8/15/1988
U5JZS9VLVVWGHYP1J,Celeste Way,7/26/1993
T1BD2G4PKH3YWZN0U,Melany Sid,4/1/2004
MFOTDUQ8XJH3CD5YX,Jeralee Sanson,8/17/2006
MSQC865V07GCP8X37,Constantine Claudio,5/12/1998
S6VBLIPBA273304I1,Catha Cobbie,3/9/2005
DDAU7V4FDHLHPMWQ9,Susannah Jozef,8/7/2000
P5LYCZES2HC6STINB,Jandy Israel,5/25/1993
ZB77GOYCAHM5469HP,Leola Torey,8/27/1996
P2G7EWFOR6CH3K89C,Kynthia Toddie,3/27/2009
V1NFTGKUJQK7CWR3J,Kiah Constantine,10/30/2002
C7KBC545F26VXG5DX,Rosie Currey,7/18/1991
606SF4K3VL3Y2LEK2,Margery Garv,12/1/2003
ED251DY8535N9I74L,Lonee Cedric,11/11/1984
3CB7QHUUB23CJ10B9,Frannie Georas,2/24/1989
BCHHR3IR7OJXIIF02,Caralie Thorn,6/13/2002
AB33RB93B4G04MH73,Leona Murvyn,8/7/1981
AHQ0KI74S87KYXWYA,Gussi Kendal,3/13/2006
QVVE1M3RX03W8E1SL,Becky Mikey,10/5/2000
OP9LBFBDNCVNQOFI5,Frankie Pryce,12/1/2004
VY502KH4UBRWMPF1C,Wendeline Avigdor,9/2/1995
7FFARAZ3ING3K4MK6,Vanessa Wye,10/21/1999
QAOD79WE9ZNZ0M6XO,Stacee Mordy,7/15/2009
H2BX4DU8A93AMPHGA,Lolita Nico,7/17/1985
BCBFLJHO3E5VM422Q,Tiphany Martie,4/24/2003
A5SWM7E53GXAF389I,Nariko Xymenes,1/6/1984
OT9P1U39Q3HENMPR3,Raeann Elijah,10/18/1988
H3VZX3F2TOG7NBSJN,Eileen Ximenes,12/17/1997
R05EAUUYZMN2I15QW,Liza Logan,12/16/1987
LYBXEXEVD7TIM6BYW,Lula Consalve,1/21/1996
HA983H0PT2NVDN544,Dorris Marwin,6/11/1996
F4OMPK5UGPJ0VYQFC,Rosalinde Homer,12/5/2000
TUBSQJU3GLNO0BPT6,Clovis Milo,12/27/1992
CHF5YQME41TP6BWFC,Tanhya Hamid,11/5/1997
DXJMIOH2310S6EJ1A,Lea Niki,11/4/1981
0IBAKTB3UXRZJQV1A,Laurena Fin,4/17/1984
FWU7SRPP4C1XJCG68,Marcile Ethelbert,10/2/1990
8NB1DF1FXPFVVAHMX,Justinn Cy,4/23/2008
50EGUNALG57TD0OCA,Marris Rochester,1/23/1998
TVZFFNZGQZ378GKZN,Teodora Warren,5/4/1983
SRBG0WKO1Q9DOLCY6,Catlin Merv,3/25/1987
U7LWJ0YRHQAXQG94W,Marilyn Cale,6/8/1988
2LAG4IYZU9Q7BG0EV,Enrika Hermon,9/29/1984
C62JF66UZQNUAI3Q1,Elie Tiebout,6/9/1992
N7TK25LM9BV67D2SA,Evangelin Frants,8/5/2004
C11PT18VFIR3YCHTS,Chantalle Hunter,7/19/1986
O6NW8XG37797FN8LH,Tina Amerigo,2/6/1984
UJCWQ6JX50VB4VKFA,Ysabel Theodoric,9/3/1995
LQEXXJNRQLPFWJNVA,Judith Teddie,11/22/2005
SWGC7KYYNRC981AGJ,Rachael Colan,12/26/1990
7OL3E1IZRP55FG0AC,Ursula Stu,11/24/1990
EXOHXTO72HQTS6BGZ,Renate Mario,12/1/2002
9N9AXQP4RFHEVCJQM,Violante Craggie,10/18/1988
553ZGVVYGET8QN85S,Dina Toddie,8/1/1981
G2QU1FHP9ZSY2E4E3,Franni Chandler,2/9/1988
VPYEYLCKPBHCM3IOT,Lacie Chaddie,12/9/1989
SZH28K4B8Q1YLRQ0L,Andra Izzy,9/18/1994
RR3NMLNPPYC6OWSLJ,Layla Whit,11/16/2008
Z51DYECMUP1PGUHO7,Kate Hayward,7/17/1996
VANZ0CAXPX6I8249B,Alejandrina Rickard,12/31/2008
OJWHXVGWY3M4GP0R5,Kaye Dimitri,1/18/1989
JM00I191B2RBANSX9,Maddie Branden,8/26/1994
PNRETSLHSD4G7J1ZB,Delia Sawyer,9/9/2008
FZACJ3231I66802BE,Nettle Abie,12/31/1982
5KBDNQ1C7B4SFAEK2,Linnea Alonso,4/7/1997
6VBY3554HBYTZGLO0,Tana Sebastien,10/20/1995
Q7SKL8RZ2V50ZW8TI,Angie Noel,6/14/2001
GVNSI1TWW87574G24,Lisha Lewie,6/22/1988
HMBK6911O3GNTFC13,Haleigh Whitney,12/22/1993
2RNA9YSCN7W1LMEW9,Maire Hunfredo,10/7/1983
LF6G1MBJY7MNYMYJA,Bobinette Stephanus,12/17/1982
720EUCEBUULL73M4N,Estrella Vittorio,8/2/1988
IW8KCLMHX7U776K0U,Olimpia Raddy,4/25/2008
9UYRJNXRKWV6ISZ3X,Ally Leroi,5/31/1993
OYRROJXZ68JWGI1CE,Lenna Wolfgang,12/25/2008
FDVBHFKU8Y3Z79ZL4,Carmela Jacob,3/12/1992
U1GS8NIDWE77NKTHJ,Mikaela Eliot,7/26/2004
X06RSA12UQINPYW0S,Martina Alwin,11/8/1993
HOOQ85E0SNDJSSE49,Loralie Augustine,10/5/1981
9YSBRD130YCKN9Y6Q,Tarrah Beck,10/11/1997
HEKAXNKVJBOSSJ5EV,Jackqueline Fabien,5/22/1998
832CMVHJ0JQYVWKV7,Lexi Berny,12/19/2006
H6JHZSLZSKFHKNBLK,Leanora Alvie,8/5/1983
YTLX18JS01K12A9WI,Julianne Tam,6/5/1989
IF27OJAFV6FUHE1WC,Barry Reese,11/8/2004
JC8VTGOSG3WGT5QK0,Tabbie Winn,3/4/1981
5AX2XCRQTCQ5DXNYC,Marilin Trent,11/22/1996
4Q874CQ6KEV1E4EDV,Kettie Danie,1/3/1980
EXXZSS5JR38ALF2AU,Piper Ritchie,7/2/2008
BVLE575P9F4BIEDT5,Sybyl Friedrick,4/22/2007
SZM3G16BANMSVXI51,Brenn Evered,11/9/1999
9QYD5V995XLU2B252,Ella Angie,7/7/1990
GUVCXKL1D3XND5F4J,Atlante Brigg,7/19/1985
HHVHUAB097THZU2DP,Caralie Eziechiele,12/25/1999
B3VBA104SR6SOVAVQ,Viviyan Berkly,5/3/1989
65PYRYRREAF7RE5XB,Ealasaid Maddy,3/16/2008
EM1GEZB4PW4B5WE7N,Seline Alfred,8/23/1988
72R08I1NMAMM8G4SV,Dyan Brandon,7/28/1980
V2OG4EDQAK1ME1AT7,Shaina Jard,1/8/2009
233PBSLRMPJ280PTN,Chandra Tristan,4/10/1991
HOL2I9VPTHZ18EJ7L,Tatiana Ritchie,5/22/1991
BTIG6OV7EXZWUEZMJ,Ellene Aland,6/2/2003
UFGBA7WAZV2AEKDS1,Marybeth Upton,2/5/1989
95723D0VRJNOQ27XW,Betty Hamish,1/10/1990
T1RJZM58JTVUJAQDG,Josepha Mano,4/25/2008
ZFD4D68BMFVKGU9CZ,Rosella Salem,4/7/1989
FI0TH1SD7IOIAFHZB,Ardelia Abie,9/6/1986
GSN2OP0LTXZQ5BWUX,Gertrudis Hillel,4/24/1988
N7Y43XZ64QEX12J3J,Tommie Yancey,9/19/2005
4LUACYY8NOMLT4ABE,Haleigh Kurt,2/7/1985
WO33P0KPMS7Y7LNHL,Maribeth Beltran,6/16/1989
GH0KY3TLVJG1MYQOM,Phylis Patric,1/26/1989
XIBPRFY6V0VWJM769,Flore Ruddie,7/11/1998
AB0BXA3XZJ1G1LHL1,Evie Ellswerth,12/22/2004
H0PZCUHXWLEHUS67B,Thekla Feliks,6/12/2005
SPTAA08UTP2FNM5JW,Dierdre Decca,10/28/1984
9JWC41S37B8TAGZON,Rosamond Ellary,2/18/2004
P2PPAUV5ZKDHRKP0L,Una Farrel,7/3/2006
ZWUSY6GEF600F49G7,Esther Westleigh,11/23/1999
2ISTEWBAYVOKW08W4,Bebe Ramsey,11/6/2002
R9Q6RAD2NMFK0LUG5,Leela Wendel,3/29/1987
OQSTRZUO0BO7T2UWB,Marnia Cary,10/15/1981
V0RECJ1ECUA9MZES3,Clemmie Grantley,3/26/1989
HVHLX8ILT0X2PKS9B,Koralle Welby,6/10/2007
OZ3V8NE4S8JJB0CH1,Emelia Sandor,12/1/1985
WE3KTP5JGI2NRCLGV,Jannelle Jocko,2/20/1981
GVJUUAKP5YHX0A0UR,Lara Geordie,11/25/1990
X4UT4V9ZGLU0M1L4Z,Sher Reid,4/2/2009
VW40091GFGG0XCL7T,Danella Christoforo,7/20/1983
NBBWZ9VE1N6H1K9RT,Tildi Fredric,6/21/1986
T0YCF2MZODPH2NJF6,Ilise Chrisse,9/20/1983
AEQ1K5C4VJX059EBZ,Melli Broddie,8/13/1991
9X8J2N2Q80AO7E59P,Verina Benjy,8/28/1992
YM2Y9I268IF43XN05,Gillie Orran,12/10/1985
8PTPCEPK1KIWB2SVN,Carol-Jean Kellby,8/20/1990
A4YNKGE8OIYTV5XJH,Brigit Freedman,7/30/1994
X95OGZFX9MA90OJQO,Marcela Casar,11/6/2008
VFMH7X01WVH5SZZVJ,Trish Shaw,8/26/1980
I8CV8YW2UHFGPMEPN,Tilly Whitney,3/8/1986
YWFZKF7S8YEIXF81K,Alena Randell,10/23/1991
5U6T9KE6A8J0ZQV6U,Kalina Hoebart,5/21/2007
GYAREIODUI3TFVPEV,Wandis Karel,10/18/1999
GOR5PG6VVP8ZQ0EKY,Celle Stefano,5/18/1993
UGRW3J6E424162PG2,Chastity Evan,12/7/1997
W2ZRECVWENFW2RZNX,Nancey Emmit,6/11/1980
EXCLK2FRWJRDJB6N6,Sigrid Hymie,5/18/2007
JQQ3ERMXUJQLYHF8V,Sarine Brennen,7/25/1983
WSUIHAR7WJWDQDE8C,Marilyn Hersch,2/25/1995
I5DQQP4BB0EMQVCMP,Joannes Jammal,3/17/2000
RUSPUZFYPM9Y03SFR,Katharyn Kinsley,11/6/1996
LXZ2LPZIFMQAAZRVX,Mariette Pen,12/18/1988
3L3RCC9P8FG2VEZHS,Leticia Ethan,6/15/1985
IBO7F91LY6HD8ZN0P,Bernita Daryle,3/16/2009
AJOWZSYWHZBLPYCX1,Eloise Parry,5/16/2003
8HL5SDCZT4NALESG3,Lissa Carny,12/15/2007
ZJ0ON7QS1I6Y349TV,Teresa Sidnee,4/13/2008
EFUKH4PXICTA2I2PU,Lenka Doyle,10/5/1997
K6307SEBNJ52X5BV0,Ninnetta Neill,12/13/1980
A64N7L8ZBK4MLNPOB,Joyann Rowland,3/26/2006
SAM17WXWYYDOMDZN0,Michel Trip,6/11/2003
4F5CCCKI5QKNBT4OH,Becka Lion,9/25/1988
LYBCNDG2TSS3UAYU5,Tracy Averill,4/14/1996
E09X804PP7HK9AQR9,Nickie Thorndike,11/24/2002
7R1M8IN5MF0HBJ73C,Ernesta Sandor,4/14/2006
R1TZIS3RNCXHHV2GK,Amabelle Early,11/6/2007
T45QEHSTQIYFH2792,Jania Kristoffer,11/12/2003
67YTIFFPQXG9NTWT5,Pammie Abram,12/12/1981
HWVZXE7GQ6ZYAZOT0,Berti Gustave,11/27/1990
XCWRX85BMKTGVMLX3,Jilly Dallas,1/8/1988
93DVW484NRUA6FBH5,Gertrudis Raphael,2/7/1991
E0S5LSTTUEG06AKPL,Happy Jessee,11/9/2003
XSL3E27HOTEGBSEMV,Georgette Jamesy,8/5/1990
WB91GAEI3AS8825ES,Audre Danie,4/24/1991
I3GCG5I5FQJQHW21E,Iolanthe Shannan,12/24/1992
IH1W7PQV7R2QDHN9K,Dena Gardy,9/20/1985
X2O5IZ74VX5O2T4I1,Yoshiko Saul,5/25/2000
7K37IUB6BMNFTOV28,Beatriz Corbie,11/6/2000
V65QK4QM03LVF4WGZ,Nerta Ellis,7/6/2006
64W2C4VGK1IYH1P5S,Dinnie Yorgo,5/3/2008
SRVYCS72H9D2G75RZ,Isabelita Jules,1/17/1988
HHPBO769RMGCCW39Z,Lynsey Lothario,8/20/2003
IDUP2VRVKZOJTUJMP,Martita Antony,9/20/1988
A28OKHTWZDJ5Q6JN0,Michele York,3/18/1985
KW38S4BX72FKVXG77,Christabella Munmro,6/26/1988
LX07YFQGTV0MIWT2O,Doloritas Brok,3/16/2005
JIAHO73T3A3JQKU20,Lanna Benito,8/8/1992
L4QO2FCLTEUE9NO3I,Lulita Sylas,1/28/1986
YPTDGRB8C9RWFTNZQ,Lenette Willis,9/20/1995
8TFMUU5Q7024HLGA6,Saloma Willy,12/4/1988
R4LY7BTECR777QD6F,Leontine Faber,3/21/1985
HMV3SVSF8FET4QZKK,Bobinette Burr,5/5/2001
8HI9EO46E0R91M0BX,Ibbie Elvyn,8/1/1984
V5N2409JD73Y70OXL,Adella Stu,4/19/1990
UMTGGUETLRYNVKEUW,Carena Vale,4/22/1986
EH2QX4U6I0OBK000J,Bertie Emlyn,12/22/1993
4LQB10OX12I4KE9G2,Tonia Northrup,8/16/1982
U660U8E445TP98OAB,Emilee Stephanus,10/27/1984
1NUVM9PKRHA4DTVWX,Sheryl Ezekiel,10/11/1993
Y4RB8DBA2C5JBR196,Arabele Thane,7/3/1983
JOARKZ84G8RVOV8E1,Gabey Yorgo,4/27/1999
IPGTQ4HXY7B68V1TI,Sibylle Rollo,3/22/2008
ZXS6G7B83HGSZGGUZ,Freddi Amby,9/8/2004
PZWJCMMQ5ZFL4OPZL,Milka Johnny,6/21/2007
99I1PI031FNJVBY48,Chloe Joshia,10/22/1984
6CMG2168N7M29SHUG,Demetra Reggis,6/11/2009
7HSG9JYBI3SNWNNRR,Cindelyn Wittie,1/21/1987
RTSK9NMDZU23MG116,Eloisa Thatcher,10/22/1994
O0AG4B1I4PN4JLZ6B,Aimee Palm,10/5/1996
OIOKNYAMJ3T0BHDWX,Laureen Ruprecht,4/3/1995
PIJGMCZIUWUYXEE3O,Shandie Riobard,9/25/1994
XQVSFM5ACF35SNP62,Danyelle Farris,10/25/1990
HGUU726MPENP9PY04,Roselia Reagan,4/5/2004
0Q04EBB7Z1Z2OTVC7,Aura Stefan,9/29/2001
547JFQ8WKUB5XNH6W,Alene Whitaker,1/1/2001
7TIN5VYIW4UPXZ34D,Queenie Bank,6/11/1991
INSSESF22BTW57EO1,Jorie Stanleigh,6/19/2003
WRR8HLM6CWK31V2TU,Madel Trumann,7/19/1997
G411E0SC4EG4J14P0,Jelene Stefan,4/21/1983
JK10P1HVXRV0RIM79,Wileen Corbet,8/13/1999
GLV1K4WCU69GTS81Y,Margaretha Garrik,9/27/2004
IK17DKZJ73NTQ0FYG,Ronnica Aldus,8/14/1996
40YYY5GHCFGPGZMH5,Aurelea Ham,8/21/1981
27Z5ONEN43MPPL9WE,Kalli Hubert,9/11/1986
FKWAZH9Z9U53GOXIA,Elvina Rob,11/30/1997
65D7ZUFT8IGD6YRJ8,Audrye Prescott,7/5/1992
XPF8LQF2576HI0APH,Ammamaria Hiram,6/30/1996
41GDOFVACYCALPZ4D,Rayshell Neale,6/19/1992
RATQBS6BQWHRC0HU6,Costanza Craig,6/17/1980
UFQ4W2QIJXCJBTFUQ,Gertie Skipper,9/6/2001
P6UBY95ZD7POHFEZF,Lenna Brant,6/25/1994
99H46C2RTUKHPG2Q8,Lydia Giavani,11/9/2005
X91OE4QXR7ENG0RIS,Grete Wilfred,12/28/1998
BT2ZUBNACPAQPHH6F,Anette Archie,8/2/1987
NMPSMEGFSEAF1L6CT,Dareen Quintin,8/18/1994
TWAHKUJBVQSAV4TCW,Brigit Izak,5/14/2009
8CXI52YMPIX0LUV2O,Daveen Kippie,9/6/1988
H8T7ZXD0VPJEF2BQK,Elke Yale,4/23/1983
NKGR5VV267YTL0YP6,Ginger Aluino,10/1/1995
GEFPFFEK6XXSW7W1S,Candace Corney,6/17/1996
LQUEI5BISZ3QZ68J2,Shani Diarmid,7/30/1991
52Z0V1Y1XYGFN9PI9,Becka Hercule,12/25/1998
16BLD7RT8A2X69SRY,Merissa Guthrey,6/25/1997
JOQ4MO3O6QLHRNH81,Allie Jeremy,6/6/2007
8SDVHR6LNRJJAY3N6,Jessie Bernarr,1/28/1985
NOBZADWWFG1674X6I,Carie Huey,7/29/1989
3OAD0LEKOVKS3I8UI,Tiffanie Padgett,7/12/2001
4LRECDHM341E6XFFY,Karla Rolf,9/22/1990
UCSECITBD6BLIQ9P0,Felicia Broddy,11/1/2005
VJ6LUI4GMLN50NAMN,Annmarie Holmes,5/5/2003
V37HHG65UMWD7IOUC,Hyacinthie Tynan,9/6/2000
R92JQY1W18OR8RSC3,Josi Meade,4/14/2001
K8HSCX2L5ZWOWFTNQ,Moll Judas,3/31/1982
Q9RJ08XS0WDT36CCM,Natalya Vladimir,5/17/1987
0HLZU90TDV276YPIB,Theresa Manny,10/13/1990
SN33JRQU4ZII99XRD,Cariotta Marijn,5/1/1991
OMTANLBXGH97COJSB,Lissi Alden,10/27/1986
SQYMZAN2RFOWL4HED,Idette Nobie,7/5/1995
VXJN1JX8XW40HRT8U,Winnie Iggy,3/31/2002
GWZLNNNBSNY6UAG8A,Christi Dolph,9/9/2000
8S2HTTPV3GZE4W7S6,Antonia Mal,8/14/1993
4O3MM09XKDD1WPGLP,Elicia Aloin,7/29/1996
XF906FCYCHQSWAC9W,Sapphira Arch,1/11/2008
NNR6H3LMKKFB2BWY6,Deborah Kele,8/19/2003
NC7YRAJ7D1UJW2VT3,Janella Wolfie,3/8/1983
U99O6LCT76RPCV6SK,Corinne Anton,6/23/1997
DCMR1B1FMP3CZYCCW,Ailina Doy,7/9/1981
9LPI7JT3I1LHFIAIU,Leigh Winfred,11/19/2002
VNNMAIHIWVH6Z5FAQ,Helena Ryan,11/20/1990
28JN5VY7OLRZNRAZL,Allx Rex,7/5/1994
TSR3NFQKA3RHI4JWO,Gabriela Marcel,7/4/2003
ECBIBOZBNAPK5W837,Adorne Walton,1/8/1999
JLPAX0QTYTDTEMRRR,Sibyl Jefferey,7/19/1998
FM2QF6OW3W8UQ69EW,Danya Stephanus,12/12/2000
6VM8J89MTNCQE263V,Dona Cale,10/20/1990
TYZHXIOPUGWS2I5DJ,Roz Wendell,12/31/2007
BCHY36XTAY2MUPY3V,Dorie Rodge,7/9/2006
239OWM7K6HLAT7ZYW,Kara Geoffrey,11/23/1987
TPAMGRLIJ8WBX6XN1,Marjy Blane,9/23/1982
NCRELVU8X8HO43KR2,Gerti Hank,2/22/1984
NYC51U5VFOY466H4E,Phyllida Akim,8/30/1983
I1I19NDNBWWIX1PJU,Orelia Roldan,8/1/1981
IKFDVTVDGE7WJJWF5,Cecilia Bentley,1/28/1981
FDO1QQSUHYBK8KB08,Margy Khalil,9/19/1993
HH60HBZG5STKZJBKS,Kesley Andrew,9/15/2008
Y5IC7M5FG10QQANEO,Bette Dugald,12/22/1980
T24ZBSK70GLTDW9K1,Arabella Brnaby,5/19/2002
2MCF041ZY3NL0A3S7,Elsi Clark,11/3/1981
UDPZ5GFHN7X9NYBZA,Danna Giles,6/12/1990
EWGDBA25HT3LJBTLH,Breena Jack,11/15/1990
M2P16CFUODZE3O9H4,Tiffie Nigel,9/22/2000
ZKLB02AHPLS1PTEWX,Dolly Byron,9/11/2004
BL9OPLWMBKMT1N2CF,Ettie Kinsley,1/4/2001
5XK4PI5XLMZHPMQD6,Kameko Noland,11/9/2009
NH2DF46RGPI2QI649,Minnaminnie Ravid,11/18/1991
TNM9PIALYJOS5HDNI,Muffin Larry,6/11/1996
JHSPE5YC7IA259L5T,Fay Cort,11/27/2003
5O19K4PBB29K5FHNX,Deerdre Tadeas,2/14/1999
R4QCBHYYLB4AAQ1YO,Dorolice Ettore,3/17/2009
EUTZEAQLP7VWAGYVN,Martie Herb,9/27/2001
C00RFW6G9WELSSYCL,Alys Desmond,11/16/1995
31OXWMCJHJP3PFW3G,Stormi Jeramie,11/3/1980
NZ7IX4XW3U0FAQ6YJ,Jenda Dean,11/1/1997
D2WJLOEFWWD0XXDR4,Ursa Goddard,10/27/1997
6H2FVXB171OAPQSMA,Noelle Durand,10/14/2009
8KNHLQ7DAYATOWMOF,Veronica Morrie,5/10/1997
TL3ALH562YF595G5L,Ninette Reade,8/22/1990
BX4DMJ9PH6F77TFVQ,Roxie Alexei,8/10/1985
3439UE9BHYYBOED3D,Jacquetta Andrea,2/6/1998
DLC8D16GR37BXGBR1,Greta Kalil,6/19/1997
AVB8ZYDZEWJ7SH67N,Benedicta Raddy,1/31/1998
DU2G2DC10SZFY1FW1,Mei Jacobo,7/23/2004
S3BEUK78T3SQ5GYDY,Sabra Bradney,12/20/2008
OGAIFUV3ZYYEUQSHE,Cariotta Wolfgang,2/26/1991
XAEHZKS6FK5B6GW92,Emalee Marwin,2/1/1985
86PZCHFGPQJVP9UKD,Kevina Kele,5/16/2009
5QEJI7IB91JG7WDEW,Bianca Gaven,2/19/1985
495PUGMRFYLEXAJWZ,Ag Fraze,7/21/2005
JO898S6LVBW01WEVP,Caron Damon,6/12/2004
WBCS6HMI003OROIFS,Tomasina Robert,10/4/1980
WRN6PUMI9P7LZ307C,Blinnie Felipe,12/9/1983
TU3OB0SBT3K3N5P0W,Minni Isaak,4/21/1980
12KJ3ZO9M3Z1JTA51,Lynsey Hasty,12/22/2007
2I190B21C8KVK6J99,Eolanda Adolphus,12/9/1983
QBZ5VF57CVS94F2EL,Gweneth Renard,12/26/1989
6K9NYMWUZIISVGLRT,Lucilia Lane,10/2/1991
SDP7AIRSDBV4WLMNA,Marchelle Adan,9/3/1981
IM11ISGN0HM4K1UXR,Lucy Kliment,11/15/2006
E14J8O8N5BT858H8L,Shalna Husein,4/7/1994
OPPXO5CSHC6A29AXT,Brandea Hillel,1/8/1990
3S1EZJW5ZY507NMSH,Katee Maximilian,11/15/2003
46YR5NX2FP0Y5CFC0,Xylia Hernando,1/17/1988
1LP3JP4NHT9IAGMCB,Lotta Jordon,8/30/1999
NADBBUY2PFUIJO89L,Shaina Bill,9/20/2002
HTUTMJZ1CNTU7OSO1,Sheilah Tim,6/28/2005
EKLOFV5DMJNFENXRC,Leda Mason,7/12/1994
UKZF2WKYDKV8OPWYI,Peri Ethelred,8/6/1982
BZLGRW9FHF5VT1CFB,Adel Emilio,9/30/1988
YO0P3FV2IUDBYOVX9,Keelia Arnaldo,10/4/1992
6QQJYQYK6U288IMST,Jacky Tadeo,7/15/1991
51UF4R2VHCUYM92M5,Olympie Tomas,9/6/1982
JOVSHKDI0KM9NNVNR,Lulita Fredrick,6/24/1990
1ELX0VZUQCG7L1PUJ,Inessa Cletis,7/19/1986
CEB49CNHRODA9I893,Georgiana Reuven,4/27/1989
TG4KHKKFFA9WGISZF,Joelle Reider,8/31/2007
NXUESU94JOB0XQAAY,Bellina Marwin,1/1/1991
BL0GCR7JR29ZKST92,Bendite Zedekiah,1/16/1997
ZRRO6HMIMUUUZD1PL,Elysia Kienan,5/3/1994
INXBLEEK4TGVQS66S,Francine Fabio,11/5/1989
Z0VYJV1I4P54FKMF0,Teri Marlon,1/31/2000
EK9CA1RBA8L6XSWTW,Ariadne Richardo,6/26/1984
CMFT847DEX51IH8H7,Emmaline Herb,9/24/2009
S9U7KEETDIOG0JDC0,Marin Moe,5/31/1985
WZEGNTR9B3XTP65SU,Arlen Hillier,4/6/2000
602P10ITL0HJEWVW3,Maire Angelico,12/31/1983
G25C64D6LCZP5SGGS,Evey Dillie,10/19/2006
WHMBAT4VMEJZSAWM8,Mozelle Morgan,8/28/2008
U77ANJ69CER3SBRVM,Tana Hercule,12/18/1982
2A3UFZVLR9BQRPC9M,Oralie Hadley,7/10/1990
UTFKQE87UOCIPV2FW,Kiley Carl,4/22/1981
88V0U85GRY4C7JA0G,Alexina Cy,11/5/2003
0SJZNSEWPEVSCGBCQ,Margarethe Ernie,7/21/1993
VBEWNZ3CGAZKLAI8E,Bobbe Pip,7/8/1986
G04M7K47WOWE0N3EO,Amye Bryan,10/5/1980
FW34IFTR0J99S07TK,Cynthea Frederik,5/26/1982
SWBPW05T64Z0XW268,Rene Ole,10/15/1989
SJEEY1I9FDQUVKUOC,Cherice Phillipe,12/9/1994
U23QNJOLQY926KVU7,Cal Valentine,12/7/1999
IX8P2A8LAXVRZZLD4,Marylou Lesley,5/5/2007
ESXYM0JM0XPX0D60R,Karry Theodor,9/1/1986
JG07FCUKZ7DDSMH2A,Jeane Albie,2/9/1983
WNNJZ3VUJ3FDX7B4E,Jennee Arte,9/4/1993
TCWR73TLFMUHKHQSJ,Muriel Vaughn,11/2/1993
KJD7CFYS2JL71JV50,Amye Bert,8/17/1985
SJPRFPVZBD882W895,Anabel Orlan,1/4/1982
RKRKMV9ZO53DWAFZ6,Wilie Cam,10/3/2000
MIADMHW2YUW60IOK7,Penelope Boniface,2/2/1990
3MAA7CF6UU5SML2JR,Zorine Abner,5/19/1985
ERG1EK72JPLXNVR4H,Kassia Orlando,2/27/2008
AZ7YYSJN66MY2Y09M,Drusilla Alphonse,3/13/1996
JLHI9TJCDJE7GH3YD,Blake Grannie,8/24/1988
FW0YOYP13SOP0S8EH,Rozalin Ezra,8/11/1980
